country_code	lat	lontype	continent	country	apd_2011	APD_2010	aide_privee_ong_2011	aide_privee_ong_2010	serv_2011	serv_2010	ide_2011	ide_2010
AD	développement			2'105'504	1'785'427	413'256	431'581	-176'233	55'538	7'740'300	21'235'600
NR	développement	Europe		154'549	157'604	9'171	10'134	-19'415	93'549	231'300	392'700
	développement	Europe	Pays à revenu moyen	128'065	139'783	8'103	8'588	-19'415	93'549	..	..
AL	développement	Europe	Albanie	11'232	14'803	1'816	2'290	-	-	..	..
BY	développement	Europe	Bélarus	269	869	616	387	12'817	146'954	..	..
BA	développement	Europe	Bosnie-Herzégovine	24'335	20'117	970	1'035	-	-	..	..
HR	développement	Europe	Croatie	-	77	-	286	-	4'331	..	-43'000
XK	développement	Europe	Kosovo	52'820	55'161	936	677	-	-	..	..
MK	développement	Europe	Macédoine	6'787	10'937	188	244	-	-	..	..
ME	développement	Europe	Monténégro	7	-	-	-	-	-	..	..
MD	développement	Europe	Moldavie	8'100	9'022	1'501	1'498	-	-	..	..
RS	développement	Europe	Serbie	13'716	12'421	1'220	858	-	-	..	..
TR	développement	Europe	Turquie	505	261	191	185	-32'211	-75'540	106'000	37'000
UA	développement	Europe	Ukraine	10'294	16'117	666	1'127	-21	17'804	95'200	305'000
	développement	Europe	Projets régionaux et non ventilés	26'484	17'821	1'069	1'547	-	-	..	..
AD	développement	Afrique		474'482	356'386	136'101	129'903	-1'870	-30'716	1'227'100	1'617'500
	développement	Afrique	Pays les moins avancés (PMA)	310'325	253'673	90'292	97'742	4'566	-	..	..
AO	développement	Afrique	Angola	526	417	1'032	589	-	-	..	..
BJ	développement	Afrique	Bénin	10'778	13'821	3'042	3'302	-	-	..	..
BF	développement	Afrique	Burkina Faso	26'748	29'430	7'315	7'304	-	-	..	..
BI	développement	Afrique	Burundi	13'541	12'562	2'709	1'117	-	-	..	..
CF	développement	Afrique	Centrafricaine, Rép.	1'880	21'760	1'410	1'093	-	-	..	..
KM	développement	Afrique	Comores	-	-	56	-	-	-	..	..
	développement	Afrique	Congo (Rép. dém.)	11'928	6'751	4'226	6'307	-	-	..	..
DJ	développement	Afrique	Djibouti	621	162	405	704	-	-	..	..
ER	développement	Afrique	Erythrée	525	886	2'013	1'337	-	-	..	..
ET	développement	Afrique	Ethiopie	10'064	6'495	11'419	9'326	-	-	..	..
GM	développement	Afrique	Gambie	-	-	27	328	-	-	..	..
PG	développement	Afrique	Guinée	2'452	1'851	1'174	798	-	-	..	..
GQ	développement	Afrique	Guinée Equatoriale	53	594	y	172	-	-	..	..
GW	développement	Afrique	Guinée-Bissau	741	549	415	294	-	-	..	..
LS	développement	Afrique	Lesotho	462	657	1'185	897	-	-	..	..
LR	développement	Afrique	Libéria	10'227	4'915	409	1	-	-	..	..
MG	développement	Afrique	Madagascar	5'993	8'058	4'910	4'029	-	-	..	..
MW	développement	Afrique	Malawi	181	167	3'630	3'975	-	-	..	..
ML	développement	Afrique	Mali	22'884	19'334	4'576	4'897	-	-	..	..
MR	développement	Afrique	Mauritanie	205	536	1'349	1'346	-	-	..	..
MZ	développement	Afrique	Mozambique	27'423	30'609	3'810	3'972	4'566	-	..	..
NG	développement	Afrique	Niger	17'093	19'505	3'904	5'480	-	-	..	..
UG	développement	Afrique	Ouganda	1'243	1'869	2'504	3'454	-	-	..	..
RW	développement	Afrique	Rwanda	3'738	5'686	2'827	4'685	-	-	..	..
SN	développement	Afrique	Sénégal	2'167	2'061	2'565	2'812	-	-	..	..
SL	développement	Afrique	Sierra Leone	466	66	346	449	-	-	..	..
DJ	développement	Afrique	Somalie	19'891	9'343	3'165	1'963	-	-	..	..
SS	développement	Afrique	Soudan (sans le Sud)	13'171	17'658	2'673	8'851	-	-	..	..
TZ	développement	Afrique	Tanzanie	25'679	19'935	11'282	11'811	-	-	..	..
TD	développement	Afrique	Tchad	11'710	15'580	2'670	3'211	-	-	..	..
TG	développement	Afrique	Togo	67'386	1'782	2'532	2'369	-	-	..	..
ZM	développement	Afrique	Zambie	549	635	711	870	-	-	..	..
	développement	Afrique	Pays à faible revenu (hors PMA)	29'658	29'548	13'036	14'610	-	-3'209	..	..
CI	développement	Afrique	Côte d'Ivoire	-	2'683	-	3'764	-	-52	-	118'400
GH	développement	Afrique	Ghana	-	14'331	-	2'557	-	-	..	..
KE	développement	Afrique	Kenya	9'986	4'762	6'092	4'047	-	-	32'700	-174'700
NG	développement	Afrique	Nigéria	-	521	-	387	-	-3'157	-	70'300
SS	développement	Afrique	Soudan du Sud	7'292	-	3'336	-	-	-	..	..
ZW	développement	Afrique	Zimbabwe	12'379	7'251	3'608	3'854	-	-	..	..
	développement	Afrique	Pays à revenu moyen	65'175	34'857	21'830	12'490	-6'436	-27'507	..	..
ZA	développement	Afrique	Afrique du Sud	6'921	7'777	1'948	2'070	1'772	-	262'500	126'800
DZ	développement	Afrique	Algérie	2'374	1'185	23	143	-1'817	-207	..	..
CM	développement	Afrique	Cameroun	1'655	2'313	4'041	4'312	-	-	..	..
CV	développement	Afrique	Cap-Vert	1'059	745	30	17	-	-	..	..
	développement	Afrique	Congo (Rép.)	419	11'141	181	411	-	-	..	..
CI	développement	Afrique	Côte d'Ivoire	6'224	-	4'917	-	-150	-	23'000	-
EG	développement	Afrique	Egypte	10'516	6'623	2'631	1'714	-4'826	3'896	-60'600	202'200
GA	développement	Afrique	Gabon	1	10	30	1'174	-	-	..	..
GH	développement	Afrique	Ghana	15'123	-	2'694	-	-	-	..	..
LY	développement	Afrique	Libye	4'570	152	2'577	-	-	-	..	..
MA	développement	Afrique	Maroc	4'100	3'062	318	429	-	-29'801	33'700	57'800
MU	développement	Afrique	Maurice	-	-	143	-	-1'039	-	..	..
NA	développement	Afrique	Namibie	593	732	364	276	-	-	..	..
NG	développement	Afrique	Nigéria	1'698	-	454	-	782	-	32'700	-
SC	développement	Afrique	Seychelles	-	-	80	-	-	-	..	..
SZ	développement	Afrique	Swaziland	200	116	1'333	1'936	-	-	..	..
TN	développement	Afrique	Tunisie	9'722	1'001	66	8	-1'157	-1'394	37'700	10'400
	développement	Afrique	Projets régionaux et non ventilés	69'324	38'309	10'943	5'061	-	-	..	..
AD	développement	Amérique latine		149'232	158'766	73'966	94'051	-94'089	-4'155	292'900	12'620'400
	développement	Amérique latine	Pays les moins avancés (PMA)	15'419	24'004	21'880	33'600	-	-	..	..
HT	développement	Amérique latine	Haïti	15'419	24'004	21'880	33'600	-	-	..	..
	développement	Amérique latine	Pays à revenu moyen	109'504	104'872	48'440	59'372	-94'089	-4'155	..	..
AR	développement	Amérique latine	Argentine	320	466	1'158	1'149	-851	8'727	1'512'200	-504'500
BB	développement	Amérique latine	Barbade	-	-	-	-	-	-	..	..
BO	développement	Amérique latine	Bolivie	26'363	22'534	5'326	6'155	-	-	120'900	-42'800
BR	développement	Amérique latine	Brésil	3'563	4'715	8'904	9'330	8'391	34'326	1'249'400	8'318'700
CL	développement	Amérique latine	Chili	847	1'966	862	1'379	-971	3'884	312'000	204'000
CO	développement	Amérique latine	Colombie	18'298	15'395	8'541	9'313	2'301	-773	-345'500	206'600
CR	développement	Amérique latine	Costa Rica	268	419	28	119	-	-	48'400	-410'700
CU	développement	Amérique latine	Cuba	3'685	5'389	453	421	-	-	..	..
DO	développement	Amérique latine	Dominicaine, République	9	16	1'005	230	1'352	-	..	..
DM	développement	Amérique latine	Dominique	-	-	-	983	-	-	..	..
SV	développement	Amérique latine	El Salvador	1'738	1'576	1'444	2'059	-252	-127	..	..
EC	développement	Amérique latine	Equateur	2'515	3'202	1'680	2'421	417	-94	39'700	-38'000
GT	développement	Amérique latine	Guatemala	3'342	3'996	3'349	3'769	-8	-4	-43'800	83'000
BZ	développement	Amérique latine	Honduras	8'796	6'609	1'923	2'337	-	-	..	..
JM	développement	Amérique latine	Jamaique	-	-	-	-	-	-	..	..
MX	développement	Amérique latine	Mexique	513	342	1'293	1'765	-101'523	-41'858	296'900	3'333'800
NI	développement	Amérique latine	Nicaragua	19'746	15'582	4'679	5'817	-	-	..	..
PA	développement	Amérique latine	Panama	-	-	18	69	-195	-207	..	..
PY	développement	Amérique latine	Paraguay	283	330	982	1'253	-	-	..	..
PE	développement	Amérique latine	Pérou	19'185	22'261	6'589	10'373	906	1'000	226'400	600
LC	développement	Amérique latine	Sainte-Lucie	-	-	-	2	-	-	..	..
TT	développement	Amérique latine	Trinité-et-Tobago	-	-	-	-	-	-	..	..
UY	développement	Amérique latine	Uruguay	19	43	198	393	-	-	263'800	196'500
VE	développement	Amérique latine	Venezuela	13	31	9	33	-3'655	-9'028	382'600	143'800
	développement	Amérique latine	Projets régionaux et non ventilés	24'310	29'889	3'645	1'079	-	-	..	..
NR	développement	Asie		362'869	338'423	137'714	140'477	-15'777	-136'395	5'953'600	6'598'800
	développement	Asie	Pays les moins avancés (PMA)	132'749	103'361	61'374	54'692	-	-	..	..
AF	développement	Asie	Afghanistan	21'079	18'409	4'282	6'381	-	-	..	..
BD	développement	Asie	Bangladesh	28'974	21'974	3'524	4'751	-	-	14'800	-3'400
BT	développement	Asie	Bhoutan	3'898	2'442	989	1'133	-	-	..	..
KH	développement	Asie	Cambodge	4'800	3'627	41'448	29'945	-	-	..	..
LA	développement	Asie	Laos	21'811	17'065	2'843	2'460	-	-	..	..
MM	développement	Asie	Myanmar	10'085	6'454	3'376	4'130	-	-	..	..
NP	développement	Asie	Népal	35'829	29'134	4'912	5'893	-	-	..	..
TL	développement	Asie	Timor-Leste	-	-	-	-	-	-	..	..
YE	développement	Asie	Yémen	6'272	4'257	-	-	-	-	..	..
	développement	Asie	Pays à faible revenu (hors PMA)	41'802	94'044	3'642	17'586	-	-28'623	..	..
KP	développement	Asie	Corée du Nord	8'397	8'624	219	250	-	-	..	..
KG	développement	Asie	Kirghizistan	20'504	18'387	2'572	1'311	-	-	..	..
UZ	développement	Asie	Ouzbékistan	-	1'042	-	-	-	-	..	..
BD	développement	Asie	Pakistan	-	24'668	-	10'116	-	-224	-	14'600
TJ	développement	Asie	Tadjikistan	12'901	14'426	850	341	-	-	..	..
VN	développement	Asie	Viet Nam	-	26'897	-	5'568	-	-28'399	-	19'600
	développement	Asie	Pays à revenu moyen	152'164	103'461	70'011	66'977	-15'777	-107'772	..	..
AM	développement	Asie	Arménie	3'298	2'746	1'204	1'699	-	-	..	..
AZ	développement	Asie	Azerbaïdjan	5'184	4'077	644	485	457	-5'009	..	..
CN	développement	Asie	Chine	9'537	8'548	3'096	3'471	-40'645	-16'297	4'553'500	1'823'800
	développement	Asie	Gaza et Cisjordanie	23'578	22'045	8'962	9'870	-	-	..	..
GE	développement	Asie	Géorgie	8'304	6'801	824	1'549	-	1'235	..	..
PG	développement	Asie	Inde	9'847	10'926	14'902	16'710	23'883	9'929	633'700	1'839'400
ID	développement	Asie	Indonésie	9'855	5'217	5'975	13'647	-3'262	-4'487	-212'100	722'200
IR	développement	Asie	Iran	235	181	-	1	-41'152	-87'334	..	..
IQ	développement	Asie	Iraq	3'722	3'725	1'091	1'003	-	-	..	..
JO	développement	Asie	Jordanie	4'398	3'760	152	218	-1'757	-1'175	..	..
KZ	développement	Asie	Kazakhstan	108	10	674	1'190	-2'101	-3'408	..	..
LB	développement	Asie	Liban	5'950	6'853	1'167	1'002	-860	-884	..	..
MY	développement	Asie	Malaisie	9	1	341	276	-	-	136'900	139'700
MN	développement	Asie	Mongolie	13'483	11'816	1'510	2'508	-	-	..	..
OM	développement	Asie	Oman	-	-	-	-	-	1'202	..	..
UZ	développement	Asie	Ouzbékistan	1'934	-	-	-	1'208	-	..	..
BD	développement	Asie	Pakistan	16'672	-	9'998	-	-389	-	34'100	-
PH	développement	Asie	Philippines	1'092	1'221	8'679	6'941	-	-424	38'200	271'700
LK	développement	Asie	Sri Lanka	9'564	10'365	4'879	4'626	-346	-358	15'900	25'400
SY	développement	Asie	Syrie	3'609	2'757	288	732	-	-762	..	..
TH	développement	Asie	Thaïlande	2'916	2'396	1'002	1'048	6'298	-	177'300	343'600
TM	développement	Asie	Turkménistan	-	16	-	-	-	-	..	..
VN	développement	Asie	Viet Nam	18'870	-	4'622	-	42'889	-	80'000	-
	développement	Asie	Projets régionaux et non ventilés	36'153	37'557	2'687	1'222	-	-	..	..
AD	développement	Océanie		213	171	545	739	-	-	35'400	6'200
	développement	Océanie	Pays les moins avancés (PMA)	-	50	231	567	-	-	..	..
KI	développement	Océanie	Kiribati	-	-	6	-	-	-	..	..
WS	développement	Océanie	Samoa	-	50	-	6	-	-	..	..
PG	développement	Océanie	Salomon, Îles	-	-	225	261	-	-	..	..
TV	développement	Océanie	Tuvalu	-	-	-	300	-	-	..	..
	développement	Océanie	Pays à faible revenu (hors PMA)	-	100	-	172	-	-	..	..
PG	développement	Océanie	Papouasie-Nouvelle-Guinée	-	100	-	172	-	-	..	..
	développement	Océanie	Pays à revenu moyen	26	-	314	-	-	-	..	..
FJ	développement	Océanie	Fidji	-	-	85	-	-	-	..	..
FM	développement	Océanie	Micronésie, Etats fédéraux	26	-	-	-	-	-	..	..
PG	développement	Océanie	Papouasie-Nouvelle-Guinée	-	-	229	-	-	-	..	..
	développement	Océanie	Projets régionaux et non ventilés	187	21	-	-	-	-	..	..
NR	développement	Non spécifié		964'159	774'078	55'758	56'277	-45'081	133'255	-	-
AD	sudest			1'782	7'058	8'572	6'006	-28'141	-72'794	663'300	-90'600
JM	sudest		Antilles néerlandaises	-	-	-	-	-168	-238	..	..
SA	sudest		Arabie saoudite	-	-	-	-	-2'399	-1'801	..	..
BH	sudest		Bahreïn	-	-	-	-	31'745	-36'390	..	..
BB	sudest		Barbade	2	-	-	-	-	-	..	..
BG	sudest		Bulgarie	316	232	180	227	-2'094	-168	..	..
KR	sudest		Corée (République)	83	109	56	74	-1'483	10'153	..	..
HR	sudest		Croatie	59	-	-	-	504	-	..	-
AE	sudest		Emirats Arabes unis	65	17	-	-	-136	-337	..	..
HK	sudest		Hong Kong, Chine	135	14	47	109	-	-	..	..
IL	sudest		Israël	230	260	604	306	-3'576	-1'931	..	..
KW	sudest		Koweït	-	-	-	-	-608	2'831	..	..
OM	sudest		Oman	-	-	-	-	4'983	-	..	..
QA	sudest		Qatar	-	-	-	-	-	-992	..	..
RO	sudest		Roumanie	85	1'515	5'578	3'591	-9'788	-16'167	..	..
RU	sudest		Russie	655	4'688	2'089	1'686	-96'324	-28'390	..	..
SG	sudest		Singapour	56	102	-	-	-	637	..	..
TW	sudest		Taipei chinois (Taiwan)	99	121	19	13	51'204	-	..	..
TT	sudest		Trinité-et-Tobago	-	-	-	-	-	-	..	..
